,Amusement,Anger,Awe,Contempt,Disgust,Embarrassment,Fear,Happiness,Interest,Pride,Sadness,Shame,Surprise
p5,-1.0,0.03500000000000005,-1.0,0.0,0.0,-1.0,0.0,0.0,-1.0,-1.0,0.0,-1.0,0.0
p50,-1.0,0.25,-1.0,0.5,0.25,-1.0,0.3333333333333333,1.0,-1.0,-1.0,0.125,-1.0,0.375
p95,-1.0,0.5,-1.0,0.5,0.75,-1.0,0.8,1.0,-1.0,-1.0,0.5666666666666664,-1.0,1.0
