,,Amusement,Anger,Awe,Contempt,Disgust,Embarrassment,Fear,Happiness,Interest,Pride,Sadness,Shame,Surprise
method1,count,80.0,91.0,9.0,71.0,40.0,42.0,40.0,41.0,55.0,36.0,23.0,22.0,54.0
method1,mean,0.284713585026085,0.3370221963628556,0.2910493827160494,0.08833099607747494,0.06452561327561328,0.08146020646020646,0.42869030479324594,0.32953929539295396,-1.0,0.28404743404743404,0.3247066942719116,-1.0,0.31321949655283
method1,std,0.19864483642887315,0.18767538687760282,0.1783995343287091,0.15719095548885337,0.11790451480321004,0.10641472913916403,0.17098838430546068,0.2941646358105433,0.0,0.1852842377667734,0.24054146247307093,0.0,0.2683585242424767
method1,min,0.0,0.0,0.0,0.0,0.0,0.0,0.0,0.0,-1.0,0.0,0.0,-1.0,0.0
method1,25%,0.125,0.2222222222222222,0.2727272727272727,0.0,0.0,0.0,0.3333333333333333,0.0,-1.0,0.16666666666666666,0.125,-1.0,0.0
method1,50%,0.2857142857142857,0.3333333333333333,0.36363636363636365,0.0,0.0,0.0,0.4807692307692308,0.3333333333333333,-1.0,0.2857142857142857,0.3333333333333333,-1.0,0.25
method1,75%,0.4444444444444444,0.5,0.375,0.20202020202020202,0.045454545454545456,0.16666666666666666,0.5363636363636364,0.5714285714285714,-1.0,0.4583333333333333,0.5,-1.0,0.5340909090909091
method1,max,0.6666666666666666,0.75,0.5,0.6666666666666666,0.4,0.4,0.8235294117647058,1.0,-1.0,0.5714285714285714,0.8,-1.0,0.8888888888888888
