,,Amusement,Anger,Awe,Contempt,Disgust,Embarrassment,Fear,Happiness,Interest,Pride,Sadness,Shame,Surprise
method2,count,13.0,96.0,1.0,1.0,14.0,25.0,76.0,47.0,44.0,17.0,49.0,9.0,52.0
method2,mean,0.46153846153846156,0.4088541666666667,0.375,0.0,0.11904761904761904,0.048,0.3759398496240599,0.6702127659574468,-1.0,0.29411764705882354,0.3129251700680273,-1.0,0.41346153846153844
method2,std,0.2001601922563589,0.19574349376384692,,,0.2111078979255503,0.08717797887081348,0.19355901244756793,0.39392942074582293,0.0,0.2686088890824681,0.23967728365938887,0.0,0.3389886030554837
method2,min,0.0,0.0,0.375,0.0,0.0,0.0,0.0,0.0,-1.0,0.0,0.0,-1.0,0.0
method2,25%,0.375,0.25,0.375,0.0,0.0,0.0,0.2857142857142857,0.5,-1.0,0.0,0.0,-1.0,0.1875
method2,50%,0.5,0.5,0.375,0.0,0.0,0.0,0.42857142857142855,1.0,-1.0,0.5,0.3333333333333333,-1.0,0.25
method2,75%,0.625,0.5,0.375,0.0,0.25,0.0,0.5714285714285714,1.0,-1.0,0.5,0.3333333333333333,-1.0,0.75
method2,max,0.625,1.0,0.375,0.0,0.6666666666666666,0.2,0.7142857142857143,1.0,-1.0,0.75,1.0,-1.0,1.0
