,,Amusement,Anger,Awe,Contempt,Disgust,Embarrassment,Fear,Happiness,Interest,Pride,Sadness,Shame,Surprise
method2,count,13.0,99.0,1.0,1.0,15.0,22.0,79.0,53.0,39.0,13.0,47.0,9.0,53.0
method2,mean,0.46153846153846156,0.4116161616161616,0.375,0.0,0.13333333333333333,0.05454545454545454,0.3707052441229654,0.7264150943396226,-1.0,0.23076923076923078,0.33333333333333337,-1.0,0.45754716981132076
method2,std,0.2001601922563589,0.19336286640273992,,,0.21081851067789195,0.09116846116771037,0.187967435612513,0.3742433100970472,0.0,0.2787908875382389,0.2506031371853708,0.0,0.3492294025663302
method2,min,0.0,0.0,0.375,0.0,0.0,0.0,0.0,0.0,-1.0,0.0,0.0,-1.0,0.0
method2,25%,0.375,0.25,0.375,0.0,0.0,0.0,0.2857142857142857,0.5,-1.0,0.0,0.16666666666666666,-1.0,0.25
method2,50%,0.5,0.5,0.375,0.0,0.0,0.0,0.42857142857142855,1.0,-1.0,0.0,0.3333333333333333,-1.0,0.5
method2,75%,0.625,0.5,0.375,0.0,0.3333333333333333,0.15000000000000002,0.42857142857142855,1.0,-1.0,0.5,0.3333333333333333,-1.0,0.75
method2,max,0.625,1.0,0.375,0.0,0.6666666666666666,0.2,0.7142857142857143,1.0,-1.0,0.75,1.0,-1.0,1.0
