,,Amusement,Anger,Awe,Contempt,Disgust,Embarrassment,Fear,Happiness,Interest,Pride,Sadness,Shame,Surprise
method2_sim_addAU_baseline_max,count,35.0,61.0,7.0,55.0,31.0,33.0,31.0,36.0,39.0,29.0,21.0,18.0,48.0
method2_sim_addAU_baseline_max,mean,0.5061224489795918,0.5901639344262295,0.510204081632653,0.39393939393939403,0.35944700460829493,0.46464646464646475,0.45161290322580644,0.43981481481481477,0.3333333333333335,0.5344827586206896,0.31428571428571433,0.3472222222222222,0.3854166666666667
method2_sim_addAU_baseline_max,std,0.14006882694568895,0.38197073100469675,0.13941429613550474,0.25732806470418185,0.18761288752977276,0.2030905986149808,0.21889261863896559,0.23283203898395305,1.6871045398363743e-16,0.17325839923768183,0.10141851056742202,0.12540783142613757,0.3259941151624785
method2_sim_addAU_baseline_max,min,0.14285714285714285,0.0,0.2857142857142857,0.0,0.0,0.16666666666666666,0.0,0.0,0.3333333333333333,0.25,0.2,0.25,0.0
method2_sim_addAU_baseline_max,25%,0.42857142857142855,0.5,0.42857142857142855,0.3333333333333333,0.2857142857142857,0.3333333333333333,0.4,0.3333333333333333,0.3333333333333333,0.5,0.2,0.25,0.25
method2_sim_addAU_baseline_max,50%,0.5714285714285714,0.5,0.5714285714285714,0.3333333333333333,0.2857142857142857,0.5,0.4,0.5,0.3333333333333333,0.5,0.4,0.25,0.25
method2_sim_addAU_baseline_max,75%,0.5714285714285714,1.0,0.5714285714285714,0.6666666666666666,0.5,0.5,0.6,0.6666666666666666,0.3333333333333333,0.75,0.4,0.5,0.5
method2_sim_addAU_baseline_max,max,0.7142857142857143,1.0,0.7142857142857143,1.0,0.7142857142857143,0.8333333333333334,1.0,0.8333333333333334,0.3333333333333333,0.75,0.4,0.5,1.0
