,,Amusement,Anger,Awe,Contempt,Disgust,Embarrassment,Fear,Happiness,Interest,Pride,Sadness,Shame,Surprise
method1,count,26.0,123.0,1.0,9.0,24.0,39.0,85.0,52.0,70.0,28.0,60.0,9.0,78.0
method1,mean,0.4596594833020173,0.4925313620435571,0.3333333333333333,0.3636622636622637,0.4556749010793128,0.37981367485416073,0.43008270589767567,0.5492601290112604,0.31262697619840457,0.3692550505050504,0.15576395826395825,0.16790123456790124,0.4276938161553546
method1,std,0.19094254908183775,0.1940571157253649,,0.12791901983222592,0.2118731184618677,0.19484581491299718,0.15775760556561352,0.19935734604414676,0.1891100609772804,0.20876144667575094,0.14641469666759677,0.17746886741793985,0.23398099907568665
method1,min,0.16666666666666666,0.0,0.3333333333333333,0.15384615384615385,0.0,0.0,0.0,0.0,0.0,0.0,0.0,0.0,0.0
method1,25%,0.2644230769230769,0.4,0.3333333333333333,0.36363636363636365,0.36363636363636365,0.20101010101010103,0.3076923076923077,0.4444444444444444,0.2,0.19090909090909092,0.0,0.0,0.25
method1,50%,0.4660633484162896,0.5454545454545454,0.3333333333333333,0.36363636363636365,0.4660633484162896,0.3875,0.42857142857142855,0.5,0.2857142857142857,0.3576770451770452,0.18181818181818182,0.2222222222222222,0.452991452991453
method1,75%,0.6153846153846154,0.6,0.3333333333333333,0.46153846153846156,0.6153846153846154,0.5196969696969697,0.5555555555555556,0.6764705882352942,0.42857142857142855,0.5222222222222221,0.2222222222222222,0.2222222222222222,0.6115384615384616
method1,max,0.7692307692307693,1.0,0.3333333333333333,0.5,0.8571428571428571,0.8375,0.75,0.9090909090909091,0.7272727272727273,0.7333333333333334,0.4444444444444444,0.4444444444444444,0.8333333333333334
