,,Amusement,Anger,Awe,Contempt,Disgust,Embarrassment,Fear,Happiness,Interest,Pride,Sadness,Shame,Surprise
method1_sim_addAU,count,13.0,96.0,1.0,1.0,14.0,25.0,76.0,47.0,44.0,17.0,49.0,9.0,52.0
method1_sim_addAU,mean,0.5713536463536465,0.5016504329004329,0.42857142857142855,0.46153846153846156,0.407794586366015,0.4572375239139945,0.4270606880310317,0.5403780616546575,0.42761490960020365,0.4750772151723709,0.38681300692105014,0.29740999740999746,0.4248312584851046
method1_sim_addAU,std,0.14962897762348754,0.18803401360234362,,,0.2458686236908178,0.16962772254205963,0.16216078954396768,0.20565839348481665,0.17030034013785034,0.16297473007902608,0.09734747062503643,0.12693016415194433,0.2389661286797379
method1_sim_addAU,min,0.3333333333333333,0.0,0.42857142857142855,0.46153846153846156,0.0,0.16025641025641024,0.0,0.0,0.14285714285714285,0.17424242424242425,0.23529411764705882,0.16666666666666666,0.0
method1_sim_addAU,25%,0.42857142857142855,0.4,0.42857142857142855,0.46153846153846156,0.2833333333333333,0.3205128205128205,0.3076923076923077,0.4444444444444444,0.3269230769230769,0.36397058823529416,0.2857142857142857,0.18181818181818182,0.25
method1_sim_addAU,50%,0.6153846153846154,0.5454545454545454,0.42857142857142855,0.46153846153846156,0.4307692307692308,0.44505494505494503,0.42857142857142855,0.5,0.4,0.44505494505494503,0.375,0.3333333333333333,0.4807692307692308
method1_sim_addAU,75%,0.6666666666666666,0.6,0.42857142857142855,0.46153846153846156,0.5454545454545454,0.5857142857142856,0.5595238095238095,0.6666666666666666,0.551948051948052,0.606060606060606,0.46153846153846156,0.3333333333333333,0.6282051282051282
method1_sim_addAU,max,0.7692307692307693,1.0,0.42857142857142855,0.46153846153846156,0.8571428571428571,0.8562091503267973,0.75,0.9090909090909091,0.7692307692307693,0.717948717948718,0.5714285714285714,0.5,0.8
