,,Amusement,Anger,Awe,Contempt,Disgust,Embarrassment,Fear,Happiness,Interest,Pride,Sadness,Shame,Surprise
method2,count,25.0,120.0,1.0,8.0,28.0,39.0,92.0,60.0,71.0,18.0,54.0,9.0,79.0
method2,mean,0.5133333333333333,0.21333333333333304,-1.0,-1.0,0.3928571428571428,0.15384615384615385,0.4363354037267081,0.5966666666666669,0.3943661971830987,-1.0,0.2481481481481481,0.0,0.5012658227848102
method2,std,0.20367003088692628,0.1714659156336605,,0.0,0.21417986803856212,0.13455914254707832,0.19567438252395317,0.2456169448873983,0.28345856702876115,0.0,0.17346713107255693,0.0,0.30863374314336756
method2,min,0.16666666666666666,0.0,-1.0,-1.0,0.0,0.0,0.0,0.0,0.0,-1.0,0.0,0.0,0.0
method2,25%,0.3333333333333333,0.2,-1.0,-1.0,0.2,0.0,0.2857142857142857,0.4,0.3333333333333333,-1.0,0.2,0.0,0.2
method2,50%,0.5,0.2,-1.0,-1.0,0.4,0.16666666666666666,0.42857142857142855,0.6,0.3333333333333333,-1.0,0.2,0.0,0.4
method2,75%,0.6666666666666666,0.2,-1.0,-1.0,0.6,0.3333333333333333,0.5714285714285714,0.8,0.6666666666666666,-1.0,0.4,0.0,0.8
method2,max,0.8333333333333334,0.8,-1.0,-1.0,0.8,0.3333333333333333,0.8571428571428571,1.0,1.0,-1.0,0.6,0.0,1.0
