,,Amusement,Anger,Awe,Contempt,Disgust,Embarrassment,Fear,Happiness,Interest,Pride,Sadness,Shame,Surprise
method1_sim_addAU,count,80.0,91.0,9.0,71.0,40.0,42.0,40.0,41.0,55.0,36.0,23.0,22.0,54.0
method1_sim_addAU,mean,0.5441448863314189,0.24475957497935513,-1.0,-1.0,0.36854548229548223,0.38700135024770144,0.4874027932851461,0.543630218020462,0.2736048799685164,-1.0,0.251041470606688,0.2301111767020858,0.4272488828044382
method1_sim_addAU,std,0.16590665339116084,0.16510340629297868,0.0,0.0,0.21229489726074272,0.09015875379852892,0.16669983896594043,0.257130565118388,0.2216149530581976,0.0,0.23679263850425128,0.046929693386942535,0.287828698585892
method1_sim_addAU,min,0.16666666666666666,0.0,-1.0,-1.0,0.0,0.2222222222222222,0.16666666666666666,0.0,0.0,-1.0,0.0,0.125,0.0
method1_sim_addAU,25%,0.4214285714285714,0.16666666666666666,-1.0,-1.0,0.24305555555555555,0.3382352941176471,0.4214285714285714,0.4,0.0,-1.0,0.0,0.2,0.22916666666666666
method1_sim_addAU,50%,0.5454545454545454,0.25,-1.0,-1.0,0.38181818181818183,0.4,0.5,0.5454545454545454,0.2857142857142857,-1.0,0.25,0.2361111111111111,0.4444444444444444
method1_sim_addAU,75%,0.625,0.36363636363636365,-1.0,-1.0,0.551948051948052,0.42857142857142855,0.5454545454545454,0.6666666666666666,0.4444444444444444,-1.0,0.4444444444444444,0.25,0.65
method1_sim_addAU,max,0.8571428571428571,0.6,-1.0,-1.0,0.6666666666666666,0.5714285714285714,0.8333333333333334,1.0,0.8,-1.0,0.6,0.3333333333333333,1.0
