,,Amusement,Anger,Awe,Contempt,Disgust,Embarrassment,Fear,Happiness,Interest,Pride,Sadness,Shame,Surprise
method2_sim_addAU_baseline_max,count,35.0,61.0,7.0,55.0,31.0,33.0,31.0,36.0,39.0,29.0,21.0,18.0,48.0
method2_sim_addAU_baseline_max,mean,0.5265306122448979,0.22950819672131145,-1.0,-1.0,0.3483870967741935,0.33333333333333337,0.43778801843317977,0.5111111111111112,0.3675213675213676,-1.0,0.23809523809523814,0.25,0.4166666666666666
method2_sim_addAU_baseline_max,std,0.14189350863528402,0.15847635185844183,0.0,0.0,0.2063507818286384,0.07856742013183861,0.18418965333556192,0.26809143192764645,0.2840277537183491,0.0,0.2499523764163695,0.0,0.3055050463303894
method2_sim_addAU_baseline_max,min,0.14285714285714285,0.0,-1.0,-1.0,0.0,0.2222222222222222,0.14285714285714285,0.0,0.0,-1.0,0.0,0.25,0.0
method2_sim_addAU_baseline_max,25%,0.42857142857142855,0.2,-1.0,-1.0,0.2,0.3333333333333333,0.3571428571428571,0.4,0.0,-1.0,0.0,0.25,0.2
method2_sim_addAU_baseline_max,50%,0.5714285714285714,0.2,-1.0,-1.0,0.4,0.3333333333333333,0.42857142857142855,0.5,0.3333333333333333,-1.0,0.2,0.25,0.4
method2_sim_addAU_baseline_max,75%,0.5714285714285714,0.4,-1.0,-1.0,0.6,0.3333333333333333,0.42857142857142855,0.8,0.6666666666666666,-1.0,0.4,0.25,0.6
method2_sim_addAU_baseline_max,max,0.7142857142857143,0.6,-1.0,-1.0,0.6,0.4444444444444444,1.0,1.0,1.0,-1.0,0.6,0.25,1.0
