,,Amusement,Anger,Awe,Contempt,Disgust,Embarrassment,Fear,Happiness,Interest,Pride,Sadness,Shame,Surprise
method2_sim_addAU_baseline_max,count,35.0,61.0,7.0,55.0,31.0,33.0,31.0,36.0,39.0,29.0,21.0,18.0,48.0
method2_sim_addAU_baseline_max,mean,-1.0,0.23934426229508204,-1.0,0.1,0.3064516129032258,-1.0,0.35161290322580635,0.5555555555555556,-1.0,-1.0,0.21428571428571427,-1.0,0.3619791666666667
method2_sim_addAU_baseline_max,std,0.0,0.1497538964708322,0.0,0.22360679774997896,0.32729750367819566,0.0,0.2153100623265622,0.45946829173634074,0.0,0.0,0.24589890166747358,0.0,0.3181558222260155
method2_sim_addAU_baseline_max,min,-1.0,0.0,-1.0,0.0,0.0,-1.0,0.0,0.0,-1.0,-1.0,0.0,-1.0,0.0
method2_sim_addAU_baseline_max,25%,-1.0,0.1,-1.0,0.0,0.0,-1.0,0.2,0.0,-1.0,-1.0,0.0,-1.0,0.125
method2_sim_addAU_baseline_max,50%,-1.0,0.30000000000000004,-1.0,0.0,0.25,-1.0,0.3333333333333333,0.5,-1.0,-1.0,0.125,-1.0,0.25
method2_sim_addAU_baseline_max,75%,-1.0,0.30000000000000004,-1.0,0.0,0.625,-1.0,0.45,1.0,-1.0,-1.0,0.5,-1.0,0.5
method2_sim_addAU_baseline_max,max,-1.0,0.5,-1.0,1.0,0.75,-1.0,1.0,1.0,-1.0,-1.0,0.6666666666666666,-1.0,1.0
